A. SOLIKHIN,m
AAM AMINAH,f
Aan Nuraini, f
Aan Wahyu, m
Aan, m
ABAS SUYATNO,m
ABDI AHMAD PERMADANI,m
ABDUL BASYIR,m
ABDUL HAMID,m
ABDUL HANAFI PURBA,m
ABDUL JALIL,m
ABDUL KHOLIK,m
ABDUL MALIK,m
ABDUL RAHMAN,m
ABDUL ROHIM,m
ABDUL ROHMAN,m
ABDULLAH AFIF AZZUHRI,m
Abdur Rahman,m
ABDUR ROHMAN,m
Abdurrahman. Ms,m
ABI GAIL,m
ABIL FIDA,m
ABU JAMIL,m
ACH. MOEHAIMIN ALWI,m
ACHMAD SUBADI,m
ADE IBNU ZACKY,m
Ade Indra Sukma,f
Ade Irmayani,f
ADE LESTARI,f
ADE LIYANTI,f
ADE SURAHMAN,m
ADELIA AGUSTIN,f
Adella,f
ADI PUTRA,m
ADI WIDJOYO,m
ADIBA ZAHARA,f
ADIF ZALDIANSYAH,m
Aditya Dwi Nugraha,m
Adnil Riza,m
ADY PUTRA,m
AFIAH ROHADATUL AISY,f
AFIAN YUDHISTIRA,m
AFIFAH AZZAHROH,f
AFIFAH MARIANI,f
AFNI DWI LESTARI,f
Afrian Djugi,m
AFRIANDA,m
AGENG KURNIAWAN,m
Agung Kurniawan,m
AGUNG SATRIA PUTRA,m
AGUNG SETIO APRIYANTO,m
AGUNG SUSILO,m
AGUS FAHRIZAL,m
Agus Faturrahman,m
AGUS ISMAIL,m
AGUS NURYANTO,m
AGUS RIYANTO,m
AGUS SALIM,m
AGUS SETIAWAN,m
AGUS SUGIANTO,m
AGUS TRIONO,m
Agustiando Rahmat,m
AGUSTINA MUNTIKAWATI,f
AHMAD AJI SUPRIONO,m
AHMAD BUSTAMI,m
AHMAD DIINULKHA,m
AHMAD FADOLLI,m
AHMAD FAHRUDIN,m
AHMAD FARID,m
AHMAD FATHIR,m
Ahmad Fauzi Paturusi,m
AHMAD HASINUL FIKQIH,m
AHMAD HASINUL FIKQIH,m
AHMAD MUTTAKIN,m
AHMAD NIZAM ALFARIZI,m
AHMAD PRIYANTO,m
AHMAD PRIYANTO,m
AHMAD PURWITO,m
AHMAD RASYID,m
AHMAD RIO CESAR,m
AHMAD SAFI'I,m
AHMAD SAPRUDIN,m
AHMAD SOLEH,m
AHMAD SUJONO,m
AHMAD SUYADI,m
AHMAD SYAIFUDIN DAMARTYO,m
AHMAD THOYIB,m
AHMAD TONA,m
AHMAD TONA,m
AHMAD ZAENUDIN,m
AHMAD ZAINURI,m
AHZA NURAISAH,f
AIDA BADRINA,f
Aidil Badri,m
AILA ANNAFI'AN ZAINI,f
AILA ANNAFI'AN ZAINI,f
AINUN ISNAINI FAUZIATI,f
AIR MURYA,f
AISAH,f
AISSYAH DWI ZHASKIA,m
AISYAH GIOVANI,f
AJENG KARTIKA,f
AKBAR MAULANA,m
AKBAR RIZKI SAPUTRA,m
AKMAL MAULANA TEGUH FIRMANSYAH,m
AL FATHIR RAKHA ABYAN,m
AL HAKIM JANUARIO BARENS,m
AL' QORIAH,f
ALAN SETIAWAN,m
ALDI NURDIN TRIANTO,m
ALDI WIJAYA,m
aldio mahendra purwandrarto,m
ALEK SUSANTO,m
Alexa Bliss, f
Alexa Chung, f
Alexa Wisener, f
Alexa, f
Alexandra, f
ALFAJAR EFENDI,m
Alfajri,m
ALFAZOLA,f
Alfi Sahri,m
ALFI USWATUN KHASANAH,f
ALFIA FEBRIYANTI,f
ALFIA SANTI SAHPUTRI,f
ALFIAN SYAIFULLAH,m
ALFIN AKBAR RIFA'I,m
ALFIYATU ZAHROH,f
ALHADMIN,m
ALI FAHRUDIN,m
ALI HAMZAH,m
ALI IMRON,m
ALI MUSTOPO,m
ALI ZAKARIA,m
ALIF AL BARRAK ZAKI,m
ALIF ARDANA,m
ALIFIA AQILLIA RAHMAN,f
ALIFIA YULIANI,f
ALISA DEVI SAPUTRI,f
ALIYATUL MU'AFA,f
ALWAN SUPANGAT,m
ALYA AULIANDRA PUTRI,f
AMAL FATULLAH,m
AMAL LIA NUR STYAWATY,f
AMALIA CHECHY ANGGIA,f
AMALIA IZZATUNNISA',f
Amalia Wulandari,f
AMAN SUPARGI,m
AMAT SOLEKAN,m
Ambar, f
Amelia Novrida,f
AMI SUMIARSIH,f
AMINAH,f
AMIR MAHDI,m
ANANDA REYHAN PRADIPTA,m
ANDHIKA HALIM ARDIANSYAH,m
ANDI BASKORO,m
ANDI NURUDIN,m
ANDI SOFYAN,m
ANDI SOFYAN,m
ANDIKA DWI PANGESTU,m
ANDIKA PRATAMA,m
ANDIKA SAPUTRA,m
ANDRA,m
Andre Ganda Wilaga Putra,m
Andre Oktora,m
Andre Saputra,m
ANDREAS ALOYSIUS NOVEN SETIAWAN,m
ANDREYAN SAPUTRA,m
ANDRI CAHYONO,m
Andrianto,m
ANDRIANTO,m
Andryan Dwi Cahyono,m
ANGGA ADHY SURYA,m
Angga Wiratama,m
Anggi Desmita Arini,f
ANGGI DWI SEBTIANI,f
Anggia Anfina,f
ANGGUN CAHYANI RAMADANI,f
ANI PARIDAH,f
ANI PARIDAH,f
ANI,f
ANI,f
ANIK SUNARTI,f
ANIN KHAMIDAH,f
ANINDITA KEISHA AZZAHRA,f
ANISYA ISNAINI,f
Anita Pauzia Hsb,f
ANJAR NUR WATI,f
ANNAFI JUNPRISA PRATAMA,m
ANNIDA HASNAUL ATIKA,f
ANNIDA HASNAUL ATIKA,f
Annisa Julita Sari,f
ANTO SAPUTRA,m
Antoinette, f
ANWAR ASNAWI,m
ANWAR SHOLEH,m
APRI AYU ANGELICA,f
APRI HANTORO,m
APRILIA RAHMAWATI,f
APRILIA RAHMAWATI,f
APRILLIA RAHMA WATI,f
APRIYANI,f
AQRA NABIHA ANINDITA,f
ARASYA SYAIFULLAH,m
ARBI DIANSYAH,m
ARDY RAMADHANI,m
ARI KUSWANTO,m
ARI SARIANTO,m
Arie Biola Gunti Masuko,m
Arie Rahman Satria,m
Arif fasetyo,m
ARIF IHWAL YUSMALIANSYAH,m
ARIF NOVA BAIHAQI,m
ARIF SUESANTO PURBA,m
ARIL AJI ALANIA,m
Arinda Oktaviana,f
ARIS ANGGRAINI,f
ARIS PRATAMA PUTRA,m
ARIS SETIANTO,m
ARIS TIONO,m
ARSINAWATI,f
ARSY MUHAMMAD AL HABSY,m
ARSY MUHAMMAD AL HABSY,m
ARTHA BISMA SIMAMORA,m
ARUM SRI WAHYUNI,f
ARYA DAVA ANANTA,m
ARYA YUDATAMA,m
ASEF SAIFULLOH,m
ASIH NAWANGSIH,f
ASIH,f
ASIM,m
ASIVA NUR AINI,f
ASIVA NUR AINI,f
ASMANI,m
ASMUNAH,f
ASNAWATI,f
ASPURI,m
Asri Jakawendra,m
Astri Stiawaty,m
ASTRIYAH,f
Aszani,f
ATIAH AZZAROH,f
ATIK WINARNI,f
ATIK WINARNI,f
ATUN PUJI RAHAYU,f
AULIA ARIYANI,f
AULIA MUTIARA CINTA,f
Aulia Rahman,m
AULIYA NUR SYAHIDAH,f
AULIYA SHOBRINA,f
AURA AFIFATUNNISA,f
AURA ANIN DHEA,f
AVRISTA MEILYA PUTRI,f
Ayla Amelia Nur,f
Ayu Andira,f
Ayu Dwi Septiana Arta,f
AYU KUSMINI,f
AYYUB TRI NOVRIZAL,m
AZHIFA NARESWARI,f
AZI HENDRIANSYAH,m
AZIZ,m
AZIZAH HANIFATUR RAHMA,f
AZIZAH HANIFATUR RAHMA,f
AZKA AQILAH,f
AZUWA FATKUR ALKHOLIF,m
Azwar Anas,m
Azwir Irfan Nanda,m
AZZA NABILLA TASYA,f
AZZAH ROTUN NISA ALMUFIDAH,f
BADRIAH,f
BAGAS ANDREAN,m
BAGUS SURYANTO,m
Bakti Yoga fiyandana,m
BAMBANG. S,m
BANGKIT SYUHADA,m
BANIYAH,f
Barbie, f
BASTIUR,m
BAWIATI,f
Bayu Hasan Basyir AlJawi,m
BAYU ISTANTO,m
BEJO HUTANTO,m
BEJO UTOMO,m
BELA NOVITASARI,f
BELA OCTAVIA RAMADANI,f
BENI ARDANI,m
Benni Setiawan,m
benny putra,m
Benny Yohanes,m
BINAR,f
BINI SUHARYATI,f
BINTI,f
BINTIAH,f
Boby Adi Oktarino,m
Boby Rahman,m
BONEM,f
BUDI HIKMAWAN,m
BUDI RIBOWO,m
Budi Setiawan,m
BUDIMAN SYAHPUTRA,m
BUKHORI,m
CAHYA HAFIZAH,f
CATUR SUROSO,m
CHAYATI NUR LAELI,f
CHOIRIYAH,f
CHOMSIN,m
CHYNDI ERLIANI,f
CIA KUMALA SARI,f
CICI RAMADHAYANTI,f
CINDY AMELIA PUTRI,f
CINDY DHITA VANIA,f
CITRA AYU WULANDARI,f
D. MAULANA,m
DADANG HERMAWAN,m
DAFFA ARGANA IBNU HAFIDZ,m
DAHLIA,f
DAIMAN,m
DAMIYEM,f
DANANG WAHYU ANANDA,m
DANI ARI SETIAWAN,m
Daniel Sepra fatama,m
DARMA SAHPUTRA,m
DARMAWAN,m
DARMI,f
DARNINGSIH,f
DARSINI,f
DARYONO,m
DASRI,f
DAUD,m
DAVIT SUGIYANTO,m
Dayamanti, f
Dayu M Sandro,m
DEA ERFIANITA,f
Dean Mareti Hariani,f
Debby Jayadi Nugroho,m
DEBYO WIDYA ANGGARA,m
DEDE ADIYANTO,m
Dede Dwi Arviyanti,f
DEDE RUMYATI,f
DEDI ISWANDI,m
DEDI PUTRA,m
DEDI SUMANTRI,m
DEDI SUPRIADI,m
DEDI YANTO,m
Della Maulina Herianda,f
DENI PRIMAWAN,m
Deny Gustriansyah,m
DEPRI SELAMET ARIADI,m
DESI AULIA RAHMA,f
Desi Fitri,f
Desi Fransiska,f
DESI MEGA SAPUTRI,f
DESI RATNASARI,f
DESI SUSANTI,f
DESI TRI ASTUTI,m
Desnando,m
Desri Ardika,m
Dessy Masdianata P,f
Destria Membrane,f
Deswanto,m
Desy Syahputri,f
DEVI TRI AMBARWATI,f
DEVIKA EKY SULISTIA,f
DEVINA TRIA ANANDA,f
Dewi Cahyati,f
DEWI CHAHYA SARI,f
Dewi Cita Rani,f
DEWI FITRIA,f
DEWI JULIANA,f
Dewi Kartika Sari,f
DEWI LARASATI,f
DEWI MASITOH,f
DEWI NURJANAH,f
DEWI SAFITRI,f
Dewi Shinta Octariati,f
DEWI SUMARNI,m
DEWI WULAN NINGSIH,f
DEWI WULAN SARI,f
DEWI,f
DIAH AYU SAFITRI,f
DIAN ELOK NUR CAHYATI,f
DIAN NUR ARTIKA SARI,f
DIAN NUR ASSYFA,f
DIANA NUR FHAISAH,f
Dias Marzal fatama,m
DICKY JUNIA. H,m
Dicky Mahendra,m
DIDIK SISWANTO,m
Dika Aristya Linardi,m
DIKY HANDRIANSYAH,m
Dimas Aditya Perdana,m
DIMAS DWI FADILAH,m
DIMAZ REZA RAMADHAN,m
DINAR GIHON SIMAMORA,m
Dinda Afani,f
DINDA DWI MERLIANA,f
Dinda Syifa,f
DION ALDI SETIAWAN,m
DIRAM,m
DISKI WAYUDIYANSAH,m
DIVA AL FARIZKY,m
Doni Sanjaya,m
Donna Febriani,f
DUWI A. FIKRI,m
DWI ASTIKA SARI,f
DWI KASMINI,m
DWI KURNIASIH,f
DWI MARYANI,f
dwi mulia, m
DWI PRAYOGI, m
DWI RUKIYAH, f
DWI SUDIBYO,m
Dwi Widiastuti,f
DWI YULIANI,f
Dwiki Apsyarin,m
dwinanti, f
Dwiza Indri,m
DYAS SURATAMA,m
DZUL HELMI AFFAN RIDHO,m
Edi Kurniawan Wibowo,m
EDI SUSANTO,m
EDI SUYOTO,m
Edmund Andriano,m
EDY PURNOMO,m
EDY SISWANTO,m
EEM,P
EEN ROMLAH,f
EFI SULASTRI,m
EFI YANTI,f
EGI AULIA PIRDAUS,m
EKA AFRILIA PUJIANTI,f
EKA JUNITA,f
EKA NOVITA HANDAYANI,f
Eka Nur Safitri,f
EKA PUTRA,m
EKA RESTIAWATI,f
EKA ROSMAWATI,f
EKA SAPUTRI,f
Eka Wulandari,f
EKO KURNIAWAN,m
EKO PRASTIYO,m
EKO RISNANTO,m
EKO RUDIYANTO,m
EKO SUDARSONO,m
EKO SUSANTO,m
Elennuari,f
ELIS PUSPITA,f
ELISA ANJANI,f
ELISNAWATI,f
ELIYUSWISNAWATY,f
ELLENNA YULIANI PUTRI. S,f
ELLY KUMALA SARI,f
Elvi Suryani,f
EMRIZAL,m
ENDAH SUSANTI,f
Endang Soekamti, m
Endang, f
Endang, m
ENI DWI SUNDARI,f
ENI KUSNA NINGSIH,f
EPRAN,m
ERA SATITI,f
ERAM,m
ERIA ZILAN PUTRI,f
ERIANTO,m
ERINA RAMADHANI,m
ERNA LESTARI,m
ERNA,f
ERNAWATI AGUSTIN,f
ERNI ASTUTI,f
ERVI LIDYA WATI,f
ETI NURCAHYANI,f
EVA APRIYANI,f
EVA APRIYANI,f
EVA SETIA NINGRUM,f
EVI ALISMA,f
fadana Bagus Harsono,m
FADHILAH AINI,f
Fadil Rahmat Andini,m
FADILLA RAHMADANI,f
FADLI KHOIRUL IMAM,m
Fahmi Iqbal Firmananda,m
FAHRI AL FARISI,m
FAIRI FATONAH FEBRIANA,f
Fairuzi,m
FAISAL,m
FAIZ AHZA PRADITYA,m
Fajar Aulia Rahman,m
FAJAR SETIAWAN,m
FAJAR SHODIQ,m
FAJRI SOLIHIN,m
FAJRI SYAHDAN NAUFAL,m
FATHI NUR SIDIQ,m
Fathiya Hasyifah Sibarani,m
FATMAWATI,f
FATMI CAHYATI PANCA RINI,f
FAUZAN ADI SAPUTRA,m
FAUZAN NURIL KAFA,m
Fauzar,m
FAUZI HIDAYAT,m
Fauziah,f
FAUZIYAH,f
FEBI AYU LESTARI,f
FEBI AYU LESTARI,f
FEBRI DIANISYA,f
FEBRIAN NUGROHO,m
FELLY DWI SULASTRI,f
FENDI SELISTIAWAN,m
FENI SAFITRI,m
Feny Afrisilia,f
FERI SISWANTO,m
Ferry Ramadhan,m
FERY EFENDI,m
FIBRI IRMA RIYANDANI,f
FIKI WIBOWO,m
FIKRI DWI SUSANTO,m
FIRDA RAMADAN,m
Firdaus,m
Firdaus,m
FITA EVIYANA,f
FITA EVIYANA,f
Fitra Andri Gunawan,f
Fitra Miswardi,f
Fitri Meldiani,f
FITRI SEPTIANA,f
FITRI WAHYU NINGSIH,f
Fitri Yanti,f
FITRIA LESTARI,f
FITRIA RAHAYU,f
FITRIA WULANDARI,f
Frans B Jaya Zalukhu,m
FUAD ABDUL HASAN,m
Fuad Harisfa,m
FUAD KURNIAWAN,m
FUL MANTO,m
Gabriella,f
Galang Alvinco,m
GALIH SETIAWAN DWI ALDI HERNANDA,m
GALIH SUBEKTI,m
GALIH TRI NUGROHO,m
gandhi wibowo,m
GANTI HASTUTI,f
GAVYN BARA FAHREZI ATHAYA,m
GESANG AMBAR PRASTYO,m
GIARSIH,f
GIATNO,m
GILANG ADITIA,m
GILANG NUR BEKTI,m
GINO,m
GIONO,m
GIRAH,m
GIRIN,m
GISYELLA REVA ANGGRAINY,f
GIYEM,f
GUMBRIK,m
GUNAWAN,m
GUNAWAN,m
GUSTIAN ATMA ARNOLIS,m
Gustian,m
HABIB HIDAYATURROHMAN,m
HABIBA ULFAH LESTARI,f
HABIBI NURROHIM,m
Habil Sabilla Do'a,f
Habzer Maisera,m
HADI MARDIANSAH,m
HADI WAGIMAN,m
HADI WAGIMAN,m
HADIMAH,f
HADISTA NADRATUL ZANAH,f
HADMINI,f
HAFID ABIANSYAH,m
HAFIZD YUDHA PRATAMA,m
hafizhan shidqi,m
HAFSA NUR HAFIZZA,f
HAIKAL AZIZ KURNIAWAN,m
HAIKAL AZIZ KURNIAWAN,m
HALI MASKUR,m
HALIMA TUSSA'DIA,f
HAMDAN MUZAKIR,m
Hamdani Asril,m
HAMZAH MAULANA,m
HANA AIDA SAHILA,m
HANDANI NURUL HIDAYAH,f
HANDRI,m
HANI ATUN,f
HANI SALI SATI,f
HANIF FATCHAN MUJIB,m
HANIF PRATAMA,m
HANIFATUN NASYROH,f
HANIFATUN NASYROH,f
HARDI PURNOMO AJI,m
HARI KURNIAWAN,m
HARI PROKLAMANTO SIMAMORA,m
Harika Vaizal,m
HARIRI,m
HARISUN,m
HARIYONO,m
HARIYONO,m
Haruka, f
HARUM KLODIA WATI,f
HARUN FADHILLAH,m
HASAN SIDIK,m
HASANNUDIN,m
HASIM AS'ARI,m
HASNAH ELFINA WARDA,f
HASPAR SUTEDI,m
HASYIM ASY'ARI,m
HATINI,f
HATOYAH,f
HAURIATUN,f
Hendri Eka Saputra,m
HENDRIK SUMARTINI,f
HENDRIO JUNIOR,m
HENDRIYANTO,m
HENRY BERLIAN,m
HERI YENI,f
HERLINI ETRI WIDIANTI,f
Herman Efendi,m
HERMAN,m
HERMAN,m
Hermawan Syah,m
HERMAWAN,m
HERU SETYONO,m
Herzavina,f
Hesty Afriani Srg,f
HETIK LESTARI,f
Hijrah Syahputra,m
Hildayanti Oktaviana,f
HILMA NURFAIZAH,f
Husnul Habib,m
IBNU HARIS PURBA,m
IBNU MIRZA HAMIZAN ALFAEYZA,m
Ibnuyohanzah Ahmad,m
Ichsyan Rizky Adi P,m
IDA BUDIANI,m
IDA DARYANI,f
IDA ROYANI,f
IHSAN ALFAZ,m
IHSAN BAEDOWI,m
IHWANUL MUSLIMIN,m
IKA SUSILAWATI,f
Ikbal Gazalba,m
IKBAL MAULANA,m
IKE HANDAYANI,f
IKHSAN AMIRRUDIN,m
Ikhsan Firdaus,m
IKHSANUDIN AL HAKIKI,m
IKHWAN MAULANA,m
IKHWANUL AL MA'RUF,m
Ilda Ikhwana Lubis,f
Ilham Afandi Aziz,m
Ilham Fajri,m
ILHAM SETIAJI,m
ILYAS RIFA'I,m
IMA LISTIANI,f
IMAM CHUDORI,m
IMAM MUTTAKIN,m
IMAM SUBAWEH,m
IMAM SUHADA,m
IMAM TURMUDZI,m
IMAN WAHYUDI,m
IMAN WAHYUDI,m
IMANIA SYAFA AZZAHRAH,f
IMMATUL AZIZAH,f
IMRON HAKIM,m
IMRON MAHMUDI,m
INDAH BUNGA HATI,f
INDAH FATMAWATI,f
INDAH KURNIA SARI,f
INDAH MAWARNI,f
Indah Permata Sari,f
Indah Rahmawati,f
INDARTI,f
INDARTI,f
Indra Firman,m
INDRA IRAMAWATI,f
INDRA KURNIAWAN,m
INDRA LUKY YANTI,f
INDRA YANI,f
Indri Dian Pertiwi,m
Indriani Saritsha,f
INDRIYANI,f
Inggar Wangi R,f
INTAN NURUL AINI,f
IQBAL AKBAR GHOFUR,m
IRA AFRIANTI,f
IRA SUSANTI,f
IRFAN FAUZI,m
Irfani Dwi Ayu Riski,f
IRHAM JUNAIDI,m
IRHAMSYAH,m
IRMA INDRIYANI,f
IRMA LESTARI,f
Irpandi Kurniawan,m
IRVAN MAULANA,m
Irwan Ahmad Gafur,m
IRWAN ALAMSAH DAMANIK,m
IRWAN EFENDI,m
IRZA SYAHPUTRA,m
Isa Ismail,m
ISA'ATUN,f
ISKANDAR,m
ISMAIL,m
ISMAIL,m
ISMANTO,m
ISMINI,f
ISMIYATI,f
ISMIYATI,f
ISNI,m
ISTI NURJANAH,f
ISTIANI,f
ISWADI,m
ISWATUN CHASANAH,f
IVAN GUSTOMI,m
Ivo Oktavianti,f
J. HARDONO. S,m
J. SUPARTONO,m
JAEMAH, f
JAIMAH, f
JAIMIN, m
JALAL, m
JAMAL RISKANTO, m
JAMALUDIN, m
JAMILATUN AZIZAH, f
JARWO PRATITIS, m
Jarwo, m
JASIAH,f
Jayus Suryawan,m
JEFRI SETIADI,m
JEKRI WIRALIS,m
Joan, f
JOHAN TRIO PRAYOGO,m
JOKO SUSILO,m
JOKO WINANTO,m
JONI KARTINUS,m
JONIANTO,m
JOYO MIHARJO,m
Juanita, f
Juanti, f
JUBADI,m
jufianto henri,m
juju juwanti,f
juju,f
Jukhri Syahputra,m
JULI ANGGRAENI,f
JULIMAN,m
JUMALI,m
JUMALI,m
JUMAR,m
JUMINAH,f
Juminten, f
JUNAERI,m
JUNAIDI,m
JURIANTO,m
juwanti,f
JUWARIYAH,f
JUWARNO,m
Juwita,f
KADIRIN,m
KAINEN,m
KAMALUDDIN,m
KAMIAH,f
KAMILAH MUBAROKAH,f
KARDI,m
Kareena Kapoor, f
Kareena, f
KARISUN,m
KARMIDI,m
KARNO,m
KARNO,m
Kartini, f
KASIANTO,m
KASIH,f
KASMAN RASIM,m
KASMARI,m
KASNANTO,m
KASNO,m
KASRI,m
KASRUN,m
KASTURI,m
KASYANI,f
KATIMAN,m
KATMINI,f
KATMINI,f
KELVIN NASZRIL TRI EFENDI,m
Kemal Pasha,m
KEVIN ASSHADIQ,m
KEVIN KENZI AL FIRMANSYAH,m
KHAFIDHOTUS SANY,m
KHAIRUDIN,m
KHAIRUDIN,m
Khairul Fahmi Purba,m
KHAIRUL ILHAM,m
KHAIRUL ILHAM,m
KHAIRUL MUNAWAR,m
KHASANAH DWI FAUZIAH,f
KHAZINATUN NIDA,f
KHOFIA MARPOAH,f
KHOIRU NISA APRILIA,f
KHOIRUL NISA,f
KHOIRUL ZAKI,m
KHOLIPAH,f
KHOTIJAH,f
KHOTIMAH,f
KHUSNIATI,f
KHUSNUL KHOTIMAH,f
KHUZAIMAH,f
KIRNO YUDI,m
KOKOM KOMARIAH,f
KOMARUDIN,m
KOMSIDAH,f
KONAH,f
KRISDAN FAUZI,m
KRISNO TRI WIDODO,m
KRISTINA WATI,f
KUNIRAN,m
Kurniawan Eka Putra,m
Kurniawan Rosman A,m
KURNIAWAN ZAM ZAMI,m
KUSMIYATI,f
KUSNIAH,f
KUSNINGSIH,f
KUSRIYATI,f
Lailatul Izzati,f
LAILATUL MASRUROH,f
LAILATUN NADIROH,f
LAILY MUFAROKAH,m
LAMSYAH PURBA,m
LASMINI,f
LEGIANI,f
LEGIMIN,m
LEGIMIN,m
LEGINEM,f
LEGIYEM,f
LELY LUTFIAH SUNGKAR,f
Lenka, f
LENTATI S,f
LENY FARIDHOTUL MUTMAINI,f
LENY FARIDHOTUL MUTMAINI,f
LHAILATUL ISTAMAROH,f
LHAILATUL ISTAMAROH,f
LIA NUR AISAH,f
Lia Pertiwi,f
LILIK MUJIATI,f
LILIK SUPRIYANTO,m
LILIS SETIANINGSIH,f
LILIS SUSIANI,f
LINDA RUSMI WARDANI, f
LINDA, f
Lindsay,f
LISA TRI YUNITA,f
LISTIANI,f
LOLITA DEVY PERMATASARI,f
LUHIMAH,f
LUHUR GUNAWAN,m
LUKMAN WIBOWO. S,m
LUKMAN WIBOWO. S,m
LULU' HAYATI,f
LUTHFI ABDILLAH,m
Lynda, f
M. ADITYA HATTA,m
M. AMIN,m
M. AMIN,m
M. AMRIJEN NUR ROHMAN,m
M. ARIF HARFIYANTO,m
M. CHARLY IMAN NUGROHO,m
M. FARHAN HIDAYAT,m
M. HUSMUDIN,m
M. IBNU HANIF,m
M. IKHWAN AMSYAHPUTRA,m
M. IRFANI,m
M. IRFANI,m
M. IRPAN SETYAWAN,m
M. KHUZA ALHASBY,m
M. MARIANSYAH. L. S,m
M. MEYER SIHOTANG,f
M. Muawam,m
M. MUHSIN AS ARI,m
M. NASIRUDIN,m
M. RAIS TRI WAHYUDI,m
M. SARENGAT,m
M. SHOLIKHIM,m
M. SOUVIL ANAM,m
M. TOLIB SYAHBARUL,m
M. TRI ANANTA ANUGRAH,m
M. Yassir Saputra Jamina,m
M. ZAENURI,m
M. ZAENURI,m
MABRURO,m
MAD. DRA'I,m
MADHA LELI,f
MAELYZA DWI PRATIWI,f
MAHARA,f
MAHDALENA,f
MAHERA AZZAHWA,f
Maiden, f
MAISAROH,f
MAKRUF,m
MAMI HERNAWATI,f
MAMI HERNAWATI,f
MAMIATI,f
MANAP SAWITO,m
MANISEM,f
MANISO,m
MANSYUR,m
MANTO GUMES,m
MARDANI SATRA,m
MARDIANA,f
Mardiyyat Fadliellah,m
MARGANI,f
MARINI,f
MARIYAMAH,f
MARIYAUDDIN,m
MARIYEM,f
MARIYEM,f
MARSITI,f
MARSUDIN,m
MARTIN RAHMAH,f
MARTONO,m
MARWAN,m
MARYANI,f
MARYONO,m
MAS' UD,m
MASINAH,f
MASLINA,f
MASRURI,m
MAULANA KOTO,m
MAULANA MUJAHID,m
Mawar, f
MAWARNI,f
MEGA MAWARNI,f
MEILA NURHIDAYATI,f
MEILANY PUTRI SAKINAH,f
MELI VAIZATUL ASHARIAH,f
MELIA RAFIANI,f
MELINDA ASROFFA,f
Meri,f
Meriawan, m
MERIYANTI, f
MERRI,f
MERRY,f
MESINEM,f
MEYSA NASA,f
MHD. YUNUS,m
Mia, f
Michael Ortolano, m
MIFTACHUL HUDA,m
Miftahur Ridho,m
MIFTAKHUL QOLBI,m
MIJAN,m
Mila Yuli Yanti,f
Mira Afriani,f
MIRA MUSTIKA,f
MISBAHATUSSUDURY,f
MISDIANTO,m
MISERI,m
MISIYANI,f
MISMAN,m
MISNI,m
MISRIYAH,f
MISTI,f
MISTIN,f
MISWEN,f
MITRO PANUT,m
MITRO PANUT,m
MIYANTO,m
MU'ALIFAH,f
MUCHAROMATUN,f
MUDARMAN,m
MUFIROH,f
MUFIZAR ILYAS,m
MUFLI DZUL ABROR,m
MUGI WIYONO,m
MUHAIMIN,m
MUHAMAD AZIZ,m
MUHAMAD DIAN BINTANG KUSUMA,m
MUHAMAD FIKI WAHYUDI,m
MUHAMAD IHZA FAHREZI,m
MUHAMAD IZHA BINTANG PERDANA,m
MUHAMAD KHOIRUNISA. M,m
MUHAMAD LATEP,m
MUHAMAT SAIFUL SAFI'I,m
MUHAMMAD ABDUL ROHMAN,m
Muhammad Adri,m
MUHAMMAD AFDAL AFFANDI,m
MUHAMMAD AHSANUL MUBTADI'IN,m
MUHAMMAD AKBAR RIZAN,m
Muhammad AlAyyubi,m
MUHAMMAD ALBANA,m
MUHAMMAD ALDI YANSAH,m
MUHAMMAD ALFAQIH,m
MUHAMMAD ANDRIANSYAH DAMANIK,m
MUHAMMAD APRILA,m
MUHAMMAD ARWIN,m
Muhammad Asri Wisnu Wardana,m
Muhammad Audi Reza Islami,m
Muhammad Azmeer,m
Muhammad Azmy,m
Muhammad Bagoes Samaron,m
MUHAMMAD BAYU ANDIKA KURNIAWAN,m
MUHAMMAD DIO ABDILAH,m
MUHAMMAD DZAKY MAARIF,m
MUHAMMAD EGA BAGAS PRATAMA,m
MUHAMMAD FAIZIN ALWI,m
MUHAMMAD FAJAR MAULANA,m
MUHAMMAD FAJRI MAULANA,m
MUHAMMAD FATKUR SYAIFULLAH,m
MUHAMMAD HABIBULLAH,m
MUHAMMAD HAFITZ SYAIFULLAH,m
Muhammad Hanafi,m
MUHAMMAD IBNU NASTA' INU,m
Muhammad Ilham Akbar Khoiri,m
Muhammad Ilham,m
MUHAMMAD ILHAM,m
MUHAMMAD IRSYAD,m
MUHAMMAD KHOIRON,m
MUHAMMAD KHOIRON,m
MUHAMMAD KHOLIK,m
Muhammad Maksum Sugondo,m
MUHAMMAD MA'SUM,m
Muhammad Oki,m
MUHAMMAD PRAYOGA WINATA,m
MUHAMMAD RAKA DWI AGUSTIAR,m
Muhammad Ridho Ardonis,m
MUHAMMAD RIFKI IRAWAN,m
MUHAMMAD RIKZA ROHMANA,m
MUHAMMAD RIKZA ROHMANA,m
Muhammad Risfandanu,m
MUHAMMAD RIZKI NURSHENA,m
MUHAMMAD RIZKY APRIANTO,m
Muhammad Rizqi Muttaqin,m
Muhammad Sayuti Nur Nasution,m
Muhammad Setyo,m
Muhammad Sholihan,m
MUHAMMAD SUSANTO,m
Muhammad Thoha,m
MUHAMMAD TRIO FEBRI,m
Muhammad Triyoga Sp,m
Muhammad Wendi Hidayat,m
MUHAMMAD YUSUF,m
MUHAMMAD ZAENAL ARIFIN,m
MUHAMMAD ZAMZARI,m
MUHAMMAT NOVRIAN,m
MUHNI,f
MUHSIN,m
MUHYADI,m
MUHYATIN,m
MUHYIDIN,m
MUJAHID,m
MUJI ASTUTI,f
MUJI SYUKUR,m
MUJIANA,f
MUJIANTO,m
MUJIATI,m
MUJIATUN,f
MUJIONO,m
MUJIONO,m
MUJIRIYANTO,m
MUKAROM,m
MUKAROMAH,f
MUKHAMMAD 'AINURRIDO,m
MUKHLIS SARIADIN,m
Mukhtar Lutfi,m
MUKSIN,m
MULIADI,m
MULYANA,m
MUNAWAROH,f
MUNDAKIR,m
MUNIB ALWI ABDUROHMAN,m
MUNIK NURHAYATI,f
MUNIRUL IKHWAN,m
MUNTOFINGAH,f
MURDIANSYAH,m
MURDIONO,m
MURJIATUN,f
MURSALIN,m
MURSINO,m
MUSAADAH,f
MUSLIM,m
MUSLIMAH,f
MUSLIMAH,f
MUSPIYAH,f
MUSTAKIM,m
MUSTAQPIRIN,m
MUSTAQPIRIN,m
MUSTIKA SARI,f
MUSTOFA,m
MUSTOFA,m
MUTIARA SABILA,f
MUTINGAH,f
NABELA EVA SAWITRI,f
NABIL FADHLUN RAMADHAN,m
NABILATUL DWI SEFTIANI,f
NADHIROTUL KHUSNIAH,f
Nadia Gustiana,f
NADIRA AULIA SHAKI,f
NADRUL MUSLIM AL WALID,m
NAFIS LAHIMUL ILMI,m
NAFIUDIN,m
NAFIUDIN,m
NAILUL MUFLIHAH,f
NAIMATUL MASRUBOH,f
NAMI ASTUTI,f
NANANG MUJAHID,m
Nanda Aditya,f
NANDA AYU NUR HALIZZAH,f
NANDA LUCKY FIRMANSYAH,m
NAPIS IMAM ZUHDI,m
NAPSIYAH,f
Narendra Benny,m
NARJAM,m
NASIB,m
NASYA MELANI,f
NATHAN SAKHY AL GHANI,m
Naufal Abiyyu,m
Nazala Hafiza,f
Nazarudin Yusuf,m
NAZWA ERIANDRA PUTRI,f
NELVIN ADHY RENATA,m
NENENG AAN,f
NENENG APSAH,f
Neni Anggraeni Dalimunthe,f
NEZA AULIA PRATIWI,f
NGADIMAN,m
NGADINEM,f
NGADINI,f
NGATINA,f
NGATINI,f
NGATINI,f
Nicky Astria, f
Nicky Hayden, m
Nicky Hilton, f
Nikawati,f
NIKEN JUNI SAVITRI,f
NINA AYU LESTARI,f
NINA AYU LESTARI,f
NINIK INDRAYANI,f
NINIK SULASTRI,f
NIRMALA SYAFIRA,f
NIRMANTO,m
NITA OKTAFIAH,f
NIWAN,m
Nofan Widiyarna,m
Nony Chrisnayanti,f
NOPRIYADI,m
Nora Ferwati,f
NORA,m
NORJI WIRANDI,m
NOVA AYU SHARAFIKA,f
NOVA AYU SHARAFIKA,f
NOVA KHARISMA,f
NOVI AYU SHARAFINA,f
NOVI AYU SHARAFINA,f
Novi Gustiana,f
NOVI HARTINI,f
Novia Kumala Sari,f
NOVIA NURHAYATI,f
NOVIANA ANGGRAENI,m
Novita Dewi,f
NOVITA NUR SAFITRI,f
Novri Sabli Saputra,m
NU' IN SOFYAN,m
NUGROHO,m
NUNING RAHAYU,f
NUNIT PURWATI,f
NUR AENI,f
NUR AIDA DWI RAMADHANI,f
NUR AIDA DWI RAMADHANI,f
NUR AIDAH RAHMAH DANI,f
NUR AJI PRASETIYO,m
NUR ANISA,f
NUR ATIKA,f
Nur Aulia Hasanah,f
NUR CAHAYA,f
NUR JANNAH,f
NUR KHALIM,m
NUR KHOLIFAH,f
NUR LAILA,f
NUR QASANAH,f
NUR SODIK,m
NUR WULANDARI,f
NURAINI,f
NURAMSAH,f
NURANA,f
NURDIANA SAPUTRI,f
NURDIN PURNOMO,m
NURDIN,m
NURFAJRI,m
Nurfatrianti,f
Nurgivo Alfajri,m
NURHALIMAH,f
NURHALIPAH,f
NURHAYATI,f
NURHAYATI,f
Nurhikmah,f
NURIAH,f
NURIATIK,f
NURIMAH,m
NURISYA AMARA PUTRI,f
NURIYATI,f
NURLIANI,f
NUROKHMAD IKHWANDI,m
Nurpauliani Dewi N,f
NURSYAMSI,m
NURTRIANA YULIASTUTI,f
Nurudin Rahman,m
NURUL AIN,f
NURUL FATIMAH,f
Nurul Gayatri Indah Reza,f
NURUL HANIFAH,f
NURUL HIDAYAT,f
NURUL LATIFAH,f
NURUL MUBAROKAH,f
NURUL WAHYUNI,f
NURUL WIJAYANTI,f
NYAMAN,m
NYAMAN,m
OKI ADITIA SAPUTRA,m
OKTA IONIKA,m
OKY GANJAR SAPUTRA,m
OLIVVIA FEBBY SANTIKA,f
Padli Nofrizal,m
PAGIRIANA CHEERY ARNOLISA,f
PAHRUL GANJAR SENTIOKO,m
PAIJEM,f
PAIMAN,m
PAINO,m
PAINO,m
Pajar Bahari,m
PANGIDOAN,m
PARIYADI,m
PARJO,m
PARNI,f
PARYONO,m
PARYONO,m
PEBRI NURMANSYAH,m
PENI UNTARI,f
PIJOR SAUT. S,m
Pikril Islami,m
PIRAWATI,f
Pita Irul Sayekti,f
PITRIANI,f
PONIJAN,m
PONIMAN,m
PONIRAH,f
PONIRAH,f
PONIYEM,f
PRATAMA ADE KURNIAWAN,m
PRAYITNO,m
PRI SANTOSO,m
PUJA RAHAYU,f
Puji Astuti,f
PUJI ASTUTI,f
PUJI HASTUTI,f
PUJI LESTARI,f
PUJIWATI,f
PURSITO,m
PURWATI,f
PURWO HADI SANTOSO,m
PUTRA PRATAMA,m
Putri Lia Lestari,f
Putri Wahyuni,f
PUTRI ZULAIKHA,f
QOMARIYAH,f
QORIDHOTUL MUTAKIN,m
R. WIDODO,m
RADITIA SAPUTRI,m
RADITYA ALFARABI,m
RAFAN ARZA ADITIYA,m
RAFIKA DEWI SARI,f
RAFIKA OKTAVIANTI,f
RAFKA DANUARTA,m
RAFKAN DJOVANKA AL FARIZ,m
RAGIL SURYA NENDRA,m
RAHMA YATI,f
RAHMAD ABDAN SAKURO,m
RAHMAD ERWIN WIBISONO,m
RAHMADANI SAFITRI,f
Rahmadi Gusri,m
RAHMAN,m
RAHMAT ARIFUDIN,m
Rahmat Hidayat,m
RAHMAT SRI ASMONO,m
RAHMAT TRI APRILIANDO,m
Rahmat,m
RAHMAT,m
Rahmi Andreni,f
Rahmi Omya Ulta,f
Rahmi Septhianingrum,f
RAHMIDIAH EDIYANTI,f
RAJIMAN,m
RAKHA FICO EFENDI,m
Rangga Arief Putra,m
Rangga Dwi Nugrawan,m
Rano Abdul Rahman,m
RASIDIN,m
RASMAN,m
RASMINI,m
RASMO,m
RASTINA,f
RATI PURWASI,f
RATIFA NAILA AISHA,f
Ratih Purwasih,f
RATMINI,f
RATNA SARI,f
RATNA WATI,f
RATU SALSABILAH,f
RAUDATI ZUHRIYAH,f
RAYHAN ABDUL SYUKUR,m
Raynaldi Setiawan,m
REBO,m
Redha Fauziah Aziz,f
Refi Delia,f
REMI,f
RENDI PRASETIO,m
RENI SETIYANI,f
RENI SRIYATI,f
RENI WIJAYANTI,f
Reno Mulia Sari,f
RENSY HERWINDA,f
Resa Putri Ananda,f
Resi Septiani,f
Resti Yulia,f
RETNO SARI DAMAYANTI,f
REVANNO PRASETYO,m
REVIANITA INKA HADI,f
Reysa Hastarimasuci,f
REZA ANDIKA RAMADHAN,m
Reza Fahlevi,m
REZA INDRA SAPUTRA,m
RHAMASYA DAMAR,m
Rhesma Naca,f
RIA RASELA,f
Rian Aries Fani,m
Riandi Selvi,m
Rianto,m
RIBOWO ARBI,m
RIBUT,m
RICKI MEILI ARFIAN,m
RICKY PRAYOGA,m
Ridha Ulva,f
Ridho Fajri,m
Ridho Rismayanda,m
Ridho,m
RIDHOATUN SALBIYAH,f
Ridwan Candra,m
RIDWAN,m
RIFA'I DWI CAHYO,m
RIFKY PRADANA,m
Rikal,m
RIKANA NURMALA DESI,f
RIKI SUPENDI,m
RIKO ARDIANSAH,m
RIKO HARI PRASETYO,m
RIMA AGUSTIA NINGRUM,f
RINA PANGASTUTI,f
RINDI SEPTIA YANMILANI,f
RINO,m
RIO NITA KUSUMA WATI,f
RIO TRI HERNAWAN,m
RIO TRI HERNAWAN,m
RIRIN NINGSIH,f
RISKA SUNDARI,f
RISWANTO,m
RISWANTO,m
RITA FITRI MULYASIH,f
RIYA NINGSIH,f
Riyan Hidayat,m
Riyanti, f
RIZA FERI HANDOKO,m
RIZAL BIN HARUN,m
RIZAL KURNIAWAN,m
RIZKI ERIYANI,f
Rizki fatama,m
RIZKI PRATAMA,m
RIZKI SEPTIADI,m
RIZKI SULAIMANDA,m
Rizkie Hafizzah,f
RIZKY ANWAR,m
RIZKY RACHMAT DANI,m
RIZQI ALFATH,m
Rizqi Wahyuningsih,f
ROHANA AYU FITRI,f
Rohana, f
ROHATUN,f
ROHAYA,f
ROHIMIN,m
RO'IS,m
ROJAKUN,m
ROLIANA SILALAHI,f
ROMADON NUR HIDAYAT,m
ROMI ENDIKA,m
RONI SETYAWAN,m
Rosdina,f
ROSID,m
ROSIDIN,m
ROZAKIAH,f
RUBINI,f
RUBIYATI,f
RUBIYATI,f
RUDI FEBRIANTO,m
Rudi Kurniawan,m
RUDI PRASTYO,m
RUDI SAPUTRA,m
Rudi Wijaya,m
RUDIANTO,m
RUDIANTO,m
RUDY HERMAWAN,m
RUHDI,m
RUMSIYAH,m
RUSMIYATI,f
RUSMIYATI,f
RUSWANTORO,m
Ruwadi Saputra,m
RYAN EDY SAPUTRA,m
SA' DAH,f
SABAR,m
SABRINA FATMAWATI,f
SADIAH,f
Sadra Wilis,f
SAFIQ HERYANTO,m
SAFIRA CANTIKA FITRIANI,f
SAGIMAN,m
SAGIYATI,f
SAGIYATI,f
SAHID,m
SAHLAN ALI,m
Said Rio Apriadi,m
Saiful Wahyudi,m
SAIKUN,m
SAIM,m
SAIMAN,m
SAKIYAH,f
SAKIYO,m
SALAMI,f
SALIM,m
SALIP,m
SALMA NUSAYBAH,f
SALPIAH,f
SALPIAH,f
SALWA UNAISAH,f
SAMIDI,m
SAMIJEM,f
SAMIJO,m
SAMILATIN,f
SAMINAH,f
SAMIYAH,f
SAMSURI,m
SAMSURI,m
SANADI SALEH,m
SANEM,f
SANGUN,m
SANIRI,f
SANMIADI WATIMIN,m
SANTI SUSANTI,f
SANTI SUSANTI,f
SANTOSO,m
SAPIN,m
SAPUDIN,m
SAPUTRA,m
SAPUTRA,m
Sari Devia Agustina,f
SARIANI,f
SARIJI,f
SARIMAN,m
SARIMAN,m
SARMIN,m
SARMINAH,m
SARNO,m
SARNO,m
SARNO,m
SARWO SUWITO,m
SASKIA MAHARANI,f
SATRIAMAN,m
SAZIM SAPUTRA,m
SEFIYAN DWI PUTRA ARDANA,m
SEHLIYA HASANAH MEGA,f
SELAMET HARYADI,m
SELAMET RAHARJO,m
SELI HAPTI ANGGARA,f
SETIAWAN,m
SETIO PURWANTO,m
SETIO PURWANTO,m
SEVRIALAM BIMA ARNOLIS,m
SHAFA MUTIA NURHALIZA,f
SHALLYN ERIA AGUSTIN,f
SHECYLIA ARYA MAULANA,f
SHELA NUR DIANA SARI,f
SHELA NUR DIANA SARI,f
SHOFFAN AL FATH,m
SHOFIYYATUN DZAKIROH,f
SHOLEKHAN,m
Shynta Dwi Afitri,f
SIGIT NUGROHO,m
SIGIT SUGIYANTO,m
SIGIT WIDIANTO,m
SIGIT WIDIANTO,m
SI'IN,f
SILVI WIDYA PANGESTI,f
SILVIA AYU NADIRA RAHMAWATI,f
SINGGIH ADI PUTRA,m
SINGGIH ADI PUTRA,m
SIRMA,f
SISWANTO,m
SISWANTO,m
SISWANTO,m
SITI AISAH,f
SITI AISYAH,f
SITI AISYAH,f
SITI AISYAH,f
SITI ARBAIYAH,f
SITI ARIFATUL FU'ADAH,f
SITI ASMINAH,f
SITI FATIMAH,f
SITI HASTUTI,f
SITI HOTIJAH,f
SITI IMAROH,f
SITI INDAH SYAH,f
SITI INDUN,f
SITI JUNIAH,f
SITI JUWARIYAH,f
SITI JUWARIYAH,f
SITI KHASANA,f
SITI KHASANAH,f
SITI KHOIRIYAH,f
SITI KOMARIYAH,f
SITI KOTIMAH,f
SITI MAEMUNAH,f
SITI MARYAM AGUSTINA,f
SITI MARYATUN,f
SITI MASITHOH,f
SITI MASLIAH,f
SITI MASLIHATUN,f
SITI MUDRIKAH,f
SITI MUDRIKAH,f
SITI NGAISAH,f
SITI NUR AZIJAH,f
SITI NURRAHMANU WUNDA,f
SITI ROHMAH NUR FAUZIYAH,f
Siti Romlah,f
SITI ROMLAH,f
SITI SOLEHA,f
SITI UMAYAH,f
SITI ZAENAB,f
SITI ZAENAP,f
Siti Zulaiha,f
SITTI JULAEHA,f
SIYAMI,f
SIYAMTI,f
SIYONO,m
SLAMET HARIANTO,m
SLAMET HARIANTO,m
SLAMET NIDUN,m
SLAMET RIADI,m
SLAMET TEGUH SANTOSO,m
SLAMET,m
SLAMET,m
SLAMET,m
SLAMET,m
SLAMET,m
SLAMET,m
SOBRON,m
SODIKIN,m
Soeharti, f
Soeharto, m
Soekamti, f
Soekanti, f
Soekarno, m
Soesanti, f
SOETRY DINATA ARYA MAULANA,f
SOFYAN ALI SYAHBANA,m
SOFYAN ALI SYAHBANA,m
SOLEHAN,m
SOLEHAN,m
SOLIHATIN,f
SOMAD SUSANTO,m
SONI HAJI RIFA'I,m
Sonny Hasna, m
SORIN,m
SRI ASIH,f
SRI KASANAH,f
SRI KHAYATI,f
SRI LESTARI,f
SRI MARMIATI. J,f
SRI MARTINI,f
SRI MUDRIKOH,f
SRI MULYANI,f
SRI MULYATI,f
SRI NATALIA,f
SRI NAWATI,f
SRI RAHAYU,f
SRI REJEKI,f
SRI SUMARYANI,f
SRI WAHYUNI,f
SRI WAHYUNI,f
SRI WARDANI,f
SRI YANTI,f
SRIANA,f
SRINI,f
SRIYATUN,f
Sry Dhina Pohan,f
SUCI AYU MAWARNI,f
Suci Fahma Julia,f
Suci Hijryani Fitry,f
SUCI MELIA PUTRI,f
SUCI MELIA PUTRI,f
SUCIK WITDIAWATI,f
SUCIPTO,m
SUDADI,m
SUDARMI,f
SUDARMI,f
SUDARMONO,m
SUDARMONO,m
SUDARSEH,f
SUDARYANTO,m
SUDIN GUNAWAN,m
SUDIN,m
SUDIRMAN,m
SUDIRMAN,m
SUENDIK,m
SUFITRIA,f
SUFIYANI,f
Sugeng Hermawan,m
SUGENG LESTARI,f
SUGENG PRIBADI,m
SUGENG RUSDIANTO,m
SUGIANTI,f
SUGIANTO,m
SUGIANTO,m
SUGIANTO,m
SUGIARTO,m
SUGIAT BAGUS HERMAWAN,m
SUGINI,f
SUGIONO,m
SUHADI,m
Suharti, f
SUHENDRI,m
SUHENDRO,m
SUHERIANTO,m
SUHERMAN,m
SUHERMAN,m
SUJARMAN,m
SUJONO,m
SUKADI,m
SUKANDI,m
SUKARLAN,m
SUKARMAN,m
SUKARMIN,m
SUKARMIN,m
SUKATI,f
SUKATMI,f
SUKATMI,f
SUKIJAN,m
SUKINI,f
SUKIRLAN,m
SUKIRMAN,m
SUKMA LIYANA DEWI,f
SULANGGENG,m
SULASIKIN NASUKAH,f
SULASMI,f
SULASMI,f
SULASTRI,f
SULASTRI,f
SULIATI,f
Suliatun,f
SULISTIONO,m
SULISTIYANI,f
SULISTIYONO,m
SULIYATIN,f
SUMARDI,m
SUMARI,m
SUMARNI,f
SUMARNI,f
SUMARNI,f
SUMARNI,f
SUMARNO,m
SUMARNO,m
SUMARNO,m
SUMARNO,m
SUMARNO,m
SUMARNO,m
SUMIARSIH,f
SUMIATI,f
SUMIATI,f
SUMIDAH,f
SUMILAH,f
SUMILAN,m
SUMINI,f
SUMINTEN,f
SUMIRAH,m
SUMIRAH,m
SUMONO,m
SUMONO,m
SUNARTI,f
SUNARTI,f
SUNARTI,f
SUNARTI,f
SUNARTI,f
SUNARTO,m
SUNARYO,m
SUNDARI,f
SUNGKONO,m
SUPARJO,m
SUPARLAN,m
SUPARMAN,m
SUPARMI,f
SUPARMI,f
SUPARMI,f
SUPARMI,f
SUPARNO,m
SUPARNO,m
SUPARNO,m
SUPARYANTO,m
SUPINAH,f
SUPINGATUN,f
SUPIYAH,f
SUPRAPTI,f
SUPRATMAN,m
SUPRI ANI,f
SUPRI ANI,f
SUPRI YANTO,m
SUPRI YANTO,m
SUPRI,m
SUPRI,m
Supriadi,m
SUPRIANI,f
SUPRIHATIN,f
SUPRIHATIN,f
SUPRIYADI,m
SUPRIYADI,m
SUPRIYANTO,m
SUPRIYANTO,m
SUPRIYO SUSANTO,m
SURANTO,m
SURATIN,f
SURATMAN,m
SURATNO,m
SURITNO,m
Suriyani,f
SURNI,f
SUROSO,m
SUROTO,m
SURTI,f
SURYA DWI SYAHPUTRA,m
SURYA KUSUMA,m
SURYA RAMADANI,m
SURYANI,f
SURYANI,f
SURYANI,f
Susan, f
SUSANTI LESTARI,f
SUSANTI,f
SUSI ANTO,m
SUSI LESTARI,f
SUSI SUSANTI,f
SUSIATI,f
SUSILOWATI,f
SUTANTO,m
SUTAR,m
SUTARINI,f
SUTARMAN,m
SUTARMI,f
SUTARSIH,f
SUTIMAN,m
SUTINAH,f
SUTINAH,f
SUTINEM,f
SUTIONO,m
SUTIONO,m
SUTITI,f
SUTOMO,m
SUTOMO,m
SUTOPO,m
SUTRAMIATI,f
SUTRISNO,m
SUTRISNO,m
SUTRISNO,m
SUWANDI,m
SUWANTER,m
SUWARMIN,LK
SUWARNI,f
SUWARSIH,f
SUWARTI,f
SUYADI,m
SUYADI,m
SUYADI,m
SUYANI,f
SUYANTO,m
SUYANTO,m
SUYATIN,m
SUYATNO,m
SUYATUN,f
SUYITNO,m
SUYONO,m
SUYOTO,m
SUYUD,m
SUYUDI,m
SWARTI,f
SYAFA MEISYABILA,f
SYAFIA ZAHRA APRELIA,f
SYAHRUL WIDIANTO,m
SYAHRUL,m
Syaiful Akbar,m
SYAIRA NADA CLARISSA,f
SYAMSUL HUDA,m
SYAVIRA HANZUNEIRA,f
Tania Rahmadhini,f
TANTIO WARDI,m
TANTRI BUNGA AZ ZAHRI,f
Tarikhul Mahfudz,m
TARUN,m
TASMINAH,f
TASMIYATUN,f
TATIK DWI AMBARWATI,f
TAUFIK HIDAYAT,m
TAUFIK HIDAYAT,m
TAUFIK HIDAYAT,m
Taufik Oktafiyardi,m
TAUFIK USMAN,m
TAUFIK USMAN,m
TAWIRJA,m
TEDDY ERIANSYAH,m
Teddy Franwijaya,m
TEGUH ADI WIJAYA,m
TEGUH RAMADHAN,m
TEGUH WAHYUDI,m
TEMEN,f
TENTREM,f
Teresno Maulana,m
TESA RISMIANI,f
Tessa Eka fatiwi,f
THAMRIN SIMAMORA,m
Thovanni Jogga,m
Tian Fitra Kurniawan,m
TIARA MADONA,f
Tika Handayani Asnur,f
TIKA RAMAWATI,f
TIKA RAMAWATI,f
Tio Doli Raharjo,m
TITIN FATIMAH,f
TITIS BRIGIDA SILVA,f
Tomi Ismeidianto,m
TOMI RAMDANI,m
Tommy Zul Hidayat,m
TOMO SUWANDI,m
TOPPIQ SETIAWAN,m
TRI ADI EKO LESTANTO,m
TRI AGUS SUSILO,m
TRI AGUSTIA NINGSIH,f
TRI ANINDITA AURELLIA,f
TRI ASIH,f
TRI HARYANTO,m
TRI LESTARI,f
TRI MANDRASIH,f
TRI MURNI WATI,f
TRI MURTINI,f
TRI MURTINI,f
TRI PURWANTI,f
TRI PUTRA SINAGA,m
TRI TUGAS,m
TRI TUGAS,m
TRI WINARTI,f
TRIA FAJAR SETIAWAN,m
TRIA NINGSIH,f
TRIANA SEFTIANI RAHAYU,f
TRIANI,f
TRIO HAMDANI,m
TRISNO,m
TUKIJO AL RIFA' I,m
TUKINAH,f
TUKINI,f
TUMI SETIAWATI,f
TUMI,f
TUMIATI,f
TUMIATI,f
TUMIATI,f
TUMIDJO,m
TUMIDJO,m
TUMIRAH,f
TUMIRAH,f
TUMIRAH,f
TUMIRAN,m
TURHADI,m
TUTI RAHAYU,f
TUTI TRIANI,f
UCOK SYAHRUDIN,m
UJANG UMIN RUHDIANSYAH,m
UJI IFANDY SAPUTRA,m
ULFI ALIFATUL JANNAH,f
ULIL AMRI,m
ULVIANA AGUSTINA,m
UMAR SAID,m
UMBUL SUMONO,m
UMI KHOLIFATUL SYA'ADAH,f
UMI MASLIKHAH,f
UMI MUSLIMAH,f
UMI NAVIAH,f
Umi Riyani,f
UMI USWATUN RIFANINGSIH,f
UNTUNG SUDARWAN,m
UNTUNG SUGIONO,m
Usthalay Putra,m
VEBRI KURNIAWAN,m
VEGA MIFTAQUL RIZKA,f
VEKTORIA YULI ERNAWATI,f
vicky vernando dasta,m
Vido Idramedi,m
Vigo Farlandi,m
VIKA APRILIANA N. A,f
VIKA KUMALA PUTRI,f
VIKI KUMALA PUTRI,f
VINA NAILATUL IZZAH,f
VIRLY KARISTA BALQIS,f
VOLINT,m
WAELAN,m
WAGIMAN,m
WAGIMUN,m
WAGINO,m
WAGIRIN,m
WAGIYO,m
WAHAB MAULANA RAMADHAN,m
WAHAB MAULANA RAMADHAN,m
WAHID AKBAR,m
WAHID DANANG WIJAYANTO,m
WAHID SUPRAYITNO,m
WAHIDI,m
WAHINO,m
Wahyu Darmawan,m
Wahyu Ernu Setiawan,m
WAHYU ISWAN ARIF,m
WAHYU PRATAMA,m
WAHYU REDYANSYAH,m
WAHYU RIO RINALDI,m
WAHYU TRI PAMUNGKAS,f
WAHYUDI,m
WAHYUDI,m
WAHYUNI,f
WALUYO,m
WARHAN,m
WARIYAH,f
WARSINI,f
WARSINI,m
WARTINAH,f
WARTINI,f
WASIRAH,f
WASYARAFFA AL HAFIZ,m
WELAS ASIH,f
Wendi Gusfan Hutapea,m
WIDI YANTI,f
Widya Ayu Azhari,f
WIDYO SUDIRO,m
WIDYO WATI,f
WIJI LESTARI,f
WIJI ULFIAH,f
WILMAINI,f
WINARSIH,f
WINARTI,f
WINDA APRILIA,f
Winda Wahyuti,f
Winggo Aga Septian,m
WITONO,m
WIWIK PURWANTI,m
WIWIK SALAMAH,f
Wiwik Sumarmi,f
WIWIK WULANDARI,f
WIWIN HERLINA,f
WIWIT WIDIA WATI,f
WULAN MARATUSSHOLIKHA,f
WULANDARI,f
WULANDARI,f
YAHYA MARHAMAH,m
Yana famana,f
YANCE MURVIANA,f
YANTO,m
YATEMI,f
YATINI,f
YATINI,f
YAYU FITRIA,f
YENDRA PUTRA,m
YENI PURWANINGSIH,f
Yofaldi Laksmana Putra,m
YOGI DWI WINARNO,m
YONA KARTIKA,f
Yovita Sari,f
YUDA ALDIANSYAH,m
Yudiatma Adrion,m
YULI ADI PUTRA,m
YULI WIDIASTUTI,f
YULI YANTI,f
YULI YANTI,f
Yulia Ningsih,f
YULIANI,f
YULIANI,f
Yunaldi Rizki Putra,m
YUNERSEN,m
Yuni Dwi Hastuti,f
YUSI ANDRIYANI,f
YUSMAN,m
YUSNANI,f
YUSRIANTO,m
Yusrika Dewi,f
YUSUF,m
Zakiah Nurviani,f
ZEN MAHROM,m
ZENIKA PRADEA,f
ZIDANE DHEVAN PRATAMA,m
Zubaidah,f
ZUBAIDAH,f
Zukri Adinalta,m
Zukri Rahman,m
ZULVAN ARFA SYAZWAN,m
ELSA PRITA, f
KIKI, f
MIA, f
ELSA, f
SOB, f
SOB, f
TUTUS, f
TUTUS, f
